USE HotelReservation;

INSERT INTO RoomType (RoomTypeId, RoomTypeName, MaxOccupancy, StandardOccupancy, BasePrice, ExtraPerson)
VALUES(1, 'Double',4,2,174.99,10),
(2, 'Single',2,2,149.99,0),
(3, 'Suite',8, 3, 399.99, 20);

INSERT INTO Amenity (AmenityId, AmenityName, PriceAddOn)
VALUES(1, 'Microwave', 0),
(2, 'Refrigerator', 0),
(3, 'Oven', 0),
(4, 'Jacuzzi', 25);

INSERT INTO Guest (GuestId, FirstName, LastName, Phone)
VALUES(1, 'Angela', 'Drees', '9525553752'),
(2, 'Mack', 'Simmer', '2915530508'),
(3, 'Bettyann', 'Seery', '4782779632'),
(4, 'Duane', 'Cullison', '3084940198'),
(5, 'Karie', 'Yang', '2147300298'),
(6, 'Aurore', 'Lipton', '3775070974'),
(7, 'Zachery', 'Luechtefeld', '8144852615'),
(8, 'Jeremiah', 'Pendergrass', '2794910960'),
(9, 'Walter', 'Holaway', '4463966785'),
(10, 'Wilfred', 'Vise', '8347271001'),
(11, 'Maritza', 'Tilton', '4463516860'),
(12, 'Joleen', 'Tison', '2318932755');

INSERT INTO Address(AddressId, GuestId, Address, City, State, ZipCode)
VALUES(1, 1, '1816 Selby Ave', 'Saint Paul', 'MN', '55379'),
(2,2, '379 Old Shore', 'Council Bluffs', 'IA', '51501'),
(3,3, '750 Wintergreen Dr.', 'Wasilla', 'AK', '99654'),
(4,4, '9662 Foxrun Lane', 'Harlingen', 'TX', '78552'),
(5,5, '9378 W. Augusta Ave', 'West Deptford', 'NJ', '08096'),
(6,6, '762 Wild Rose Street', 'Saginaw', 'MI', '48601'),
(7,7, '7 Poplar Dr', 'Arvada', 'CO', '80003'),
(8,8, '70 Oakwood St', 'Zion', 'IL', '60099'),
(9,9, '7556 Arrowhead St', 'Cumberland', 'RI', '02864'),
(10,10, '77 West Surrey Street', 'Oswego','NY','13126'),
(11,11,'939 Linda Rd.', 'Burke', 'VA','22015'),
(12,12, '87 Queen St', 'Drexel Hill', 'PA','19026');

INSERT INTO Room (RoomNumber, RoomTypeId, AdaAccessible)
VALUES(201, 1, 0),
(202, 1, 1),
(203, 1, 0),
(204, 1, 1),
(205, 2, 0),
(206, 2, 1),
(207, 2, 0),
(208, 2, 1),
(301, 1, 0),
(302, 1, 1),
(303, 1, 0),
(304, 1, 1),
(305, 2, 0),
(306, 2, 1),
(307, 2, 0),
(308, 2, 1),
(401, 3, 1),
(402, 3, 1);

INSERT INTO Reservation (ReservationId, GuestId, StartDate, EndDate)
VALUES(1, 2, '2023-02-02','2023-02-04'),
(2, 3, '2023-02-05', '2023-02-10'),
(3, 4, '2023-02-22', '2023-02-24'),
(4, 5, '2023-03-06', '2023-03-07'),
(5, 1, '2023-03-17', '2023-03-20'),
(6, 6, '2023-03-18', '2023-03-23'),
(7, 7, '2023-03-29', '2023-03-31'),
(8, 8, '2023-03-31', '2023-04-05'),
(9, 9, '2023-04-09', '2023-04-13'),
(10, 10, '2023-04-23', '2023-04-24'),
(11, 11, '2023-05-30', '2023-06-02'),
(12, 12, '2023-06-10', '2023-06-14'),
(13, 12, '2023-06-10', '2023-06-14'),
(14, 6, '2023-06-17', '2023-06-18'),
(15, 1, '2023-06-28', '2023-07-02'),
(16, 9, '2023-07-13',' 2023-07-14'),
(17, 10, '2023-07-18', '2023-07-21'),
(18, 3, '2023-07-28', '2023-07-29'),
(19, 3, '2023-08-30', '2023-09-01'),
(20, 2, '2023-09-16', '2023-09-17'),
(21, 5, '2023-09-13', '2023-09-15'),
(22, 4, '2023-11-22', '2023-11-25'),
(23, 2, '2023-11-22', '2023-11-25'),
(24, 2, '2023-11-22', '2023-11-25'),
(25, 11, '2023-12-24', '2023-12-28');

INSERT INTO RoomReservationInstance (RoomInstanceId, ReservationId, RoomNumber, NumOfAdults, NumOfChildren, TotalCost)
VALUES(1, 1, 308, 1, 0, 299.98),
(2, 2, 203, 2, 1, 999.95),
(3, 3, 305, 2, 0, 349.98),
(4, 4, 201, 2, 2, 199.99),
(5, 5, 307, 1, 1, 524.97),
(6, 6, 302, 3, 0, 924.95),
(7, 7, 202, 2, 2, 349.98),
(8, 8, 304, 2, 0, 874.95),
(9, 9, 301, 1, 0, 799.96),
(10, 10, 207, 1, 1, 174.99),
(11, 11, 401, 2, 4, 1199.97),
(12, 12, 206, 2, 0, 599.96),
(13, 13, 208, 1, 0, 599.96),
(14, 14, 304, 3, 0, 184.99),
(15, 15, 205, 2, 0, 699.96),
(16, 16, 204, 3, 1, 184.99),
(17, 17, 401, 4, 2, 1259.97),
(18, 18, 303, 2, 1, 199.99),
(19, 19, 305, 1, 0, 349.98),
(20, 20, 208, 2, 0, 149.99),
(21, 21, 203, 2, 2, 399.98),
(22, 22, 401, 2, 2, 1199.97),
(23, 23, 206, 2, 0, 449.97),
(24, 24, 301, 2, 2, 599.97),
(25, 25, 302, 2, 0, 699.96);

INSERT INTO RoomAmenity(RoomNumber, AmenityId)
VALUES (201,1),
(201,4),
(202,2),
(203,1),
(203,4),
(204,2),
(205,1),
(205,2),
(205,4),
(206,1),
(206,2),
(207,1),
(207,2),
(207,4),
(208,1),
(208,2),
(301,1),
(301,4),
(302,2),
(303,1),
(303,4),
(304,2),
(305,1),
(305,2),
(305,4),
(306,1),
(306,2),
(307,1),
(307,2),
(307,4),
(308,1),
(308,2),
(401,1),
(401,2),
(401,3),
(402,1),
(402,2),
(402,3);

DELETE FROM RoomReservationInstance WHERE ReservationId = 8;
DELETE FROM Reservation WHERE GuestId = 8;
DELETE FROM Address WHERE AddressId = 8;
DELETE FROM Guest WHERE GuestId = 8;